round_epochs,val_loss,val_accuracy,loss,accuracy,batch_size,dense_neurons,dropout,epochs,l1_reg,l2_reg,learning_rate,lstm_hspace,non_lstm_act
50,1.0542382149214156,0.48595505952835083,1.0585509701143272,0.46079615,1,32,0.2,50,0.01,0.01,0.001,4,<function tanh at 0x13b4bf440>
50,1.0539330431584562,0.48595505952835083,1.058427395665315,0.46079615,1,32,0.2,50,0.01,0.01,0.001,12,<function tanh at 0x13b4bf440>
100,1.0540135084243303,0.48595505952835083,1.058344047664877,0.46079615,1,32,0.2,100,0.01,0.01,0.001,4,<function tanh at 0x13b4bf440>
100,1.0537987463594822,0.48595505952835083,1.0580593502133258,0.46079615,1,32,0.2,100,0.01,0.01,0.001,12,<function tanh at 0x13b4bf440>
50,1.0548059208674376,0.48595505952835083,1.0590248368186168,0.46079615,1,64,0.2,50,0.01,0.01,0.001,4,<function tanh at 0x13b4bf440>
50,1.0546481038412352,0.48595505952835083,1.0590038034251572,0.46079615,1,64,0.2,50,0.01,0.01,0.001,12,<function tanh at 0x13b4bf440>
100,1.054526524262482,0.48595505952835083,1.0589232241287738,0.46079615,1,64,0.2,100,0.01,0.01,0.001,4,<function tanh at 0x13b4bf440>
100,1.054847177997064,0.48595505952835083,1.0589034106532973,0.46079615,1,64,0.2,100,0.01,0.01,0.001,12,<function tanh at 0x13b4bf440>
